{
    "gender": "----------------------------982130292579024888869303\r\nContent-Disposition: form-data; name=\"gender\"\r\n\r\nmale\r\n----------------------------982130292579024888869303--\r\n",
    "depth_estimated": 2.0,
    "shoulder_width_m": 0.029684521594989865,
    "waist_width_m": 0.01574824080684364,
    "height_m": 0.1666207562877619,
    "stomach_to_back_m": 0.05335632291975643
}