{
    "gender": "male",
    "depth_estimated": 2.0,
    "shoulder_width_m": 0.3566027874748864,
    "waist_width_m": 0.19203300139582646,
    "height_m": 1.7192110703963464,
    "stomach_to_back_m": 0.5734422206079787
}