{
    "gender": "male",
    "depth_estimated": 2.0,
    "shoulder_width_m": 0.31820914985097165,
    "waist_width_m": 0.17135776910268768,
    "height_m": 1.581113049018701,
    "stomach_to_back_m": 0.5117025663215515
}