{
    "gender": "male",
    "depth_estimated": 2.0,
    "shoulder_width_m": 0.07784308384077197,
    "waist_width_m": 0.03920421299005266,
    "height_m": 1.8256298667684956,
    "stomach_to_back_m": 0.5905753757333971
}