{
    "gender": "male",
    "depth_estimated": 2.0,
    "shoulder_width_m": 0.03297803916637342,
    "waist_width_m": 0.017758896070642176,
    "height_m": 0.16386080689830174,
    "stomach_to_back_m": 0.0530309932369608
}