{
    "gender": "male",
    "depth_estimated": 2.0,
    "shoulder_width_m": 0.6168361981726527,
    "waist_width_m": 0.33217044472213303,
    "height_m": 1.719460440807837,
    "stomach_to_back_m": 0.9919157439463921
}