{
    "gender": "Female",
    "depth_estimated": 2.0,
    "shoulder_width_m": 0.053276440679180984,
    "waist_width_m": 0.04161064177310948,
    "height_m": 1.95436645724198,
    "stomach_to_back_m": 0.6366298768629178
}